﻿[
     {
        "id": 10906,
        "Key": "r31",
        "enUS": "ÿc4■",
        "zhTW": "符文：喬",
        "deDE": "[fs]Jah-Rune",
        "esES": "Runa Jah",
        "frFR": "[fs]Rune Jah",
        "itIT": "[fs]Runa Jah",
        "koKR": "ÿc4■",
        "plPL": "Runa Jah",
        "esMX": "Runa Jah",
        "jaJP": "ジャー・ルーン",
        "ptBR": "Runa Jah",
        "ruRU": "Руна Джа",
        "zhCN": "扎哈符文"
    },
  {
    "id": 10907,
    "Key": "r31L",
    "enUS": "Jah",
    "zhTW": "喬",
    "deDE": "Jah",
    "esES": "Jah",
    "frFR": "Jah",
    "itIT": "Jah",
    "koKR":"조",
    "plPL": "Jah",
    "esMX": "Jah",
    "jaJP": "ジャー",
    "ptBR": "Jah",
    "ruRU": "Джа",
    "zhCN": "扎哈"
  },
    {
        "id": 20440,
        "Key": "r33",
        "enUS": "ÿc4■",
        "zhTW": "符文：薩德",
        "deDE": "[fs]Zod-Rune",
        "esES": "Runa Zod",
        "frFR": "[fs]Rune Zod",
        "itIT": "[fs]Runa Zod",
        "koKR": "ÿc4■",
        "plPL": "Runa Zod",
        "esMX": "Runa Zod",
        "jaJP": "ゾッド・ルーン",
        "ptBR": "Runa Zod",
        "ruRU": "Руна Зод",
        "zhCN": "佐德符文"
    },
    {
        "id": 20441,
        "Key": "r32",
        "enUS": "ÿc4■",
        "zhTW": "符文：查姆",
        "deDE": "[fs]Cham-Rune",
        "esES": "Runa Cham",
        "frFR": "[fs]Rune Cham",
        "itIT": "[fs]Runa Cham",
        "koKR": "ÿc4■",
        "plPL": "Runa Cham",
        "esMX": "Runa Cham",
        "jaJP": "チャム・ルーン",
        "ptBR": "Runa Cham",
        "ruRU": "Руна Чам",
        "zhCN": "查姆符文"
    },
    {
        "id": 20443,
        "Key": "r30",
        "enUS": "ÿc4■",
        "zhTW": "符文：貝",
        "deDE": "[fs]Ber-Rune",
        "esES": "Runa Ber",
        "frFR": "[fs]Rune Ber",
        "itIT": "[fs]Runa Ber",
        "koKR": "ÿc4■",
        "plPL": "Runa Ber",
        "esMX": "Runa Ber",
        "jaJP": "バー・ルーン",
        "ptBR": "Runa Ber",
        "ruRU": "Руна Бер",
        "zhCN": "贝符文"
    },
    {
        "id": 20444,
        "Key": "r29",
        "enUS": "ÿc4■",
        "zhTW": "符文：瑟",
        "deDE": "[fs]Sur-Rune",
        "esES": "Runa Sur",
        "frFR": "[fs]Rune Sur",
        "itIT": "[fs]Runa Sur",
        "koKR": "ÿc4■",
        "plPL": "Runa Sur",
        "esMX": "Runa Sur",
        "jaJP": "サー・ルーン",
        "ptBR": "Runa Sur",
        "ruRU": "Руна Сур",
        "zhCN": "瑟符文"
    },
    {
        "id": 20445,
        "Key": "r28",
        "enUS": "ÿc4■",
        "zhTW": "符文：羅",
        "deDE": "[fs]Lo-Rune",
        "esES": "Runa Lo",
        "frFR": "[fs]Rune Lo",
        "itIT": "[fs]Runa Lo",
        "koKR": "ÿc4■",
        "plPL": "Runa Lo",
        "esMX": "Runa Lo",
        "jaJP": "ロー・ルーン",
        "ptBR": "Runa Lo",
        "ruRU": "Руна Ло",
        "zhCN": "罗符文"
    },
    {
        "id": 20446,
        "Key": "r27",
        "enUS": "ÿc4■",
        "zhTW": "符文：歐姆",
        "deDE": "[fs]Ohm-Rune",
        "esES": "Runa Ohm",
        "frFR": "[fs]Rune Ohm",
        "itIT": "[fs]Runa Ohm",
        "koKR": "ÿc4■",
        "plPL": "Runa Ohm",
        "esMX": "Runa Ohm",
        "jaJP": "オーム・ルーン",
        "ptBR": "Runa Ohm",
        "ruRU": "Руна Ом",
        "zhCN": "欧姆符文"
    },
    {
        "id": 20447,
        "Key": "r26",
        "enUS": "ÿc4■",
        "zhTW": "符文：伐克斯",
        "deDE": "[fs]Vex-Rune",
        "esES": "Runa Vex",
        "frFR": "[fs]Rune Vex",
        "itIT": "[fs]Runa Vex",
        "koKR": "ÿc4■",
        "plPL": "Runa Vex",
        "esMX": "Runa Vex",
        "jaJP": "ヴェックス・ルーン",
        "ptBR": "Runa Vex",
        "ruRU": "Руна Векс",
        "zhCN": "伐克斯符文"
    },
  {
    "id": 20448,
    "Key": "r25",
    "enUS": "ÿc4■",
    "zhTW": "符文：古爾",
    "deDE": "[fs]Gul-Rune",
    "esES": "Runa Gul",
    "frFR": "[fs]Rune Gul",
    "itIT": "[fs]Runa Gul",
    "koKR": "ÿc4■",
    "plPL": "Runa Gul",
    "esMX": "Runa Gul",
    "jaJP": "ガル・ルーン",
    "ptBR": "Runa Gul",
    "ruRU": "Руна Гул",
    "zhCN": "古尔符文"
  },
    {
        "id": 20449,
        "Key": "r24",
        "enUS": "ÿc4■",
        "zhTW": "符文：伊司特",
        "deDE": "[fs]Ist-Rune",
        "esES": "Runa Ist",
        "frFR": "[fs]Rune Ist",
        "itIT": "[fs]Runa Ist",
        "koKR": "ÿc4■",
        "plPL": "Runa Ist",
        "esMX": "Runa Ist",
        "jaJP": "イスト・ルーン",
        "ptBR": "Runa Ist",
        "ruRU": "Руна Ист",
        "zhCN": "伊司特符文"
    },
    {
        "id": 20450,
        "Key": "r23",
        "enUS": "ÿc4■",
        "zhTW": "符文：馬爾",
        "deDE": "[fs]Mal-Rune",
        "esES": "Runa Mal",
        "frFR": "[fs]Rune Mal",
        "itIT": "[fs]Runa Mal",
        "koKR": "ÿc4■",
        "plPL": "Runa Mal",
        "esMX": "Runa Mal",
        "jaJP": "マル・ルーン",
        "ptBR": "Runa Mal",
        "ruRU": "Руна Мал",
        "zhCN": "玛尔符文"
    },
    {
        "id": 20451,
        "Key": "r22",
        "enUS": "ÿc4■",
        "zhTW": "符文：烏姆",
        "deDE": "[fs]Um-Rune",
        "esES": "Runa Um",
        "frFR": "[fs]Rune Um",
        "itIT": "[fs]Runa Um",
        "koKR": "ÿc4■",
        "plPL": "Runa Um",
        "esMX": "Runa Um",
        "jaJP": "アム・ルーン",
        "ptBR": "Runa Um",
        "ruRU": "Руна Ум",
        "zhCN": "乌姆符文"
    }
  ]
